-- TEST DATA INSERT --
INSERT INTO USERS(USERNAME, PASSWORD) VALUES ('user', 'password');

INSERT INTO CUSTOMER(ID, EMAIL, NAME, SURNAME, CREATED) VALUES (4529901, 'jimihendrix@gmail.com', 'Jimi', 'Hendrix', NOW());
INSERT INTO CUSTOMER(ID, EMAIL, NAME, SURNAME, CREATED) VALUES (4529902, 'johnfrusciante@gmail.com', 'John', 'Frusciante', NOW());

INSERT INTO BOOK(ID, NAME, AUTHOR, CREATED) VALUES (1156801, 'The Catcher in the Rye', 'J. D. Salinger', NOW());
INSERT INTO BOOK(ID, NAME, AUTHOR, CREATED) VALUES (1156802, 'The Stranger', 'Albert Camus', NOW());
INSERT INTO BOOK(ID, NAME, AUTHOR, CREATED) VALUES (1156803, '1984', 'George Orwell', NOW());

INSERT INTO PRICE(ID, BOOK, AMOUNT, CREATED) VALUES (1157801, 1156801, 10.00, NOW());
INSERT INTO PRICE(ID, BOOK, AMOUNT, CREATED) VALUES (1157802, 1156802, 20.00, NOW());
INSERT INTO PRICE(ID, BOOK, AMOUNT, CREATED) VALUES (1157803, 1156803, 30.00, NOW());

INSERT INTO STOCK(ID, BOOK, QUANTITY, CREATED) VALUES (1158801, 1156801, 20, NOW());
INSERT INTO STOCK(ID, BOOK, QUANTITY, CREATED) VALUES (1158802, 1156802, 20, NOW());
INSERT INTO STOCK(ID, BOOK, QUANTITY, CREATED) VALUES (1158803, 1156803, 20, NOW());

INSERT INTO ORDERS(ID, CUSTOMER, STATUS, CREATED) VALUES (2245801, 4529901, 0, '2022-09-15');
INSERT INTO ORDERS(ID, CUSTOMER, STATUS, CREATED) VALUES (2245802, 4529901, 0, '2022-09-15');
INSERT INTO ORDERS(ID, CUSTOMER, STATUS, CREATED) VALUES (2245803, 4529901, 0, '2022-10-01');

INSERT INTO ORDERS_DETAIL(ID, ORDERS, BOOK, QUANTITY, TOTAL, CREATED) VALUES (2115801, 2245801, 1156801, 1, 10.00, '2022-09-15');
INSERT INTO ORDERS_DETAIL(ID, ORDERS, BOOK, QUANTITY, TOTAL, CREATED) VALUES (2115802, 2245802, 1156802, 1, 20.00, '2022-09-15');
INSERT INTO ORDERS_DETAIL(ID, ORDERS, BOOK, QUANTITY, TOTAL, CREATED) VALUES (2115803, 2245802, 1156803, 1, 30.00, '2022-09-15');
INSERT INTO ORDERS_DETAIL(ID, ORDERS, BOOK, QUANTITY, TOTAL, CREATED) VALUES (2115804, 2245803, 1156803, 5, 50.00, '2022-10-01');